Manufacturer,Model,Weight_pred
Audi,100,3333.2113176731746
Pontiac,Sunbird,2574.999999999999
Chevrolet,Lumina,3195.0000000000014
Mazda,RX-7,2894.999999999997
Volkswagen,Fox,2239.9999999999986
